seed,family,integration_method,n_features,lambda,train_nrmse,validation_nrmse,test_nrmse,test_r2
111,UNMASKED_RL,linear_dt1,400,0.01,0.6970991994,0.8026623171,0.9114247793,0.1693048717
111,OCCUPANCY_MASKED_RL,linear_dt1,400,10000,0.7946659064,0.8234180383,0.9312463138,0.132780303
111,UNMASKED_R,linear_dt1,200,1,0.8391984167,0.8280218367,0.9818473501,0.03597578109
111,UNMASKED_L,linear_dt1,200,1e-06,0.6590261783,0.8025299086,0.9378870025,0.1203679705
111,MASKED_R,linear_dt1,200,10000,0.8711279406,0.8395719717,1.028902445,-0.05864024188
111,MASKED_L,linear_dt1,200,10000,0.859553548,0.9339735609,0.9828078985,0.0340886347
111,UNMASKED_RL,linear_dt0.5,400,0.01,0.6970992028,0.8026623145,0.91142478,0.1693048703
111,OCCUPANCY_MASKED_RL,linear_dt0.5,400,10000,0.7946659063,0.8234180383,0.9312463137,0.1327803033
111,UNMASKED_R,linear_dt0.5,200,1,0.8391984168,0.8280218365,0.98184735,0.0359757813
111,UNMASKED_L,linear_dt0.5,200,1e-06,0.6590261754,0.8025298971,0.9378869938,0.1203679868
111,MASKED_R,linear_dt0.5,200,10000,0.8711279406,0.8395719716,1.028902445,-0.05864024187
111,MASKED_L,linear_dt0.5,200,10000,0.8595535481,0.933973561,0.9828078984,0.03408863478
111,UNMASKED_RL,zoh_previous,400,0.01,0.6960964076,0.7991190687,0.9117688431,0.1686775768
111,OCCUPANCY_MASKED_RL,zoh_previous,400,10000,0.7968601617,0.8257609531,0.9319274123,0.1315112982
111,UNMASKED_R,zoh_previous,200,1,0.839038646,0.828224812,0.982148875,0.03538358731
111,UNMASKED_L,zoh_previous,200,1e-06,0.6521332147,0.7921350403,0.9296477119,0.1357551318
111,MASKED_R,zoh_previous,200,100,0.8298249607,0.837582332,1.008629609,-0.01733368868
111,MASKED_L,zoh_previous,200,10000,0.8621196298,0.9377529488,0.9850060008,0.02976317841
111,ACTUAL_FRL,actual_or_historical,400,10000,0.7969320964,0.8253207801,0.9308427386,0.1335317961
111,ACTUAL_F408,actual_or_historical,408,10000,0.7968780945,0.8253311396,0.9311744826,0.132914083
111,ACTUAL_FIELD,actual_or_historical,200,10000,0.8685892391,0.8437218891,1.028864823,-0.05856282303
111,ACTUAL_R_ONLY,actual_or_historical,200,10000,0.8709006468,0.8397021295,1.028808063,-0.0584460309
111,ACTUAL_L_ONLY,actual_or_historical,200,10000,0.8590555856,0.930238167,0.9807692302,0.03809171712
222,UNMASKED_RL,linear_dt1,400,0.01,0.6970991994,0.8026623171,0.9114247793,0.1693048717
222,OCCUPANCY_MASKED_RL,linear_dt1,400,10000,0.7913057152,0.819272259,0.9274962499,0.1397507064
222,UNMASKED_R,linear_dt1,200,1,0.8391984167,0.8280218367,0.9818473501,0.03597578109
222,UNMASKED_L,linear_dt1,200,1e-06,0.6590261783,0.8025299086,0.9378870025,0.1203679705
222,MASKED_R,linear_dt1,200,100,0.8296032551,0.8278289254,1.006141575,-0.01232086967
222,MASKED_L,linear_dt1,200,100,0.7510978482,0.8858491972,0.9479911559,0.1013127683
222,UNMASKED_RL,linear_dt0.5,400,0.01,0.6970992028,0.8026623145,0.91142478,0.1693048703
222,OCCUPANCY_MASKED_RL,linear_dt0.5,400,10000,0.7913057151,0.8192722589,0.9274962498,0.1397507066
222,UNMASKED_R,linear_dt0.5,200,1,0.8391984168,0.8280218365,0.98184735,0.0359757813
222,UNMASKED_L,linear_dt0.5,200,1e-06,0.6590261754,0.8025298971,0.9378869938,0.1203679868
222,MASKED_R,linear_dt0.5,200,100,0.8296032549,0.827828925,1.006141575,-0.01232086898
222,MASKED_L,linear_dt0.5,200,100,0.7510978482,0.8858491979,0.9479911561,0.1013127679
222,UNMASKED_RL,zoh_previous,400,0.01,0.6960964076,0.7991190687,0.9117688431,0.1686775768
222,OCCUPANCY_MASKED_RL,zoh_previous,400,10000,0.7934527948,0.8215928942,0.9281537898,0.1385305424
222,UNMASKED_R,zoh_previous,200,1,0.839038646,0.828224812,0.982148875,0.03538358731
222,UNMASKED_L,zoh_previous,200,1e-06,0.6521332147,0.7921350403,0.9296477119,0.1357551318
222,MASKED_R,zoh_previous,200,100,0.8290425226,0.8253281916,1.004102531,-0.008221892424
222,MASKED_L,zoh_previous,200,100,0.754660804,0.8941190543,0.9512150942,0.09518984461
222,ACTUAL_FRL,actual_or_historical,400,10000,0.7893041998,0.8142265574,0.9230766911,0.1479294223
222,ACTUAL_F408,actual_or_historical,408,10000,0.7890142204,0.8140262537,0.9227617724,0.1485107114
222,ACTUAL_FIELD,actual_or_historical,200,10000,0.8685892391,0.8437218891,1.028864823,-0.05856282303
222,ACTUAL_R_ONLY,actual_or_historical,200,100,0.8274021993,0.8316745247,1.00955079,-0.01919279816
222,ACTUAL_L_ONLY,actual_or_historical,200,100,0.7080743388,0.8611682382,0.9302925929,0.1345556916
333,UNMASKED_RL,linear_dt1,400,0.01,0.6970991994,0.8026623171,0.9114247793,0.1693048717
333,OCCUPANCY_MASKED_RL,linear_dt1,400,10000,0.7904087303,0.8202644209,0.9300710858,0.1349677753
333,UNMASKED_R,linear_dt1,200,1,0.8391984167,0.8280218367,0.9818473501,0.03597578109
333,UNMASKED_L,linear_dt1,200,1e-06,0.6590261783,0.8025299086,0.9378870025,0.1203679705
333,MASKED_R,linear_dt1,200,100,0.8250316692,0.834570261,1.009004881,-0.01809084891
333,MASKED_L,linear_dt1,200,100,0.7611360204,0.9205736077,0.9372153103,0.1216274622
333,UNMASKED_RL,linear_dt0.5,400,0.01,0.6970992028,0.8026623145,0.91142478,0.1693048703
333,OCCUPANCY_MASKED_RL,linear_dt0.5,400,10000,0.7904087302,0.8202644208,0.9300710857,0.1349677755
333,UNMASKED_R,linear_dt0.5,200,1,0.8391984168,0.8280218365,0.98184735,0.0359757813
333,UNMASKED_L,linear_dt0.5,200,1e-06,0.6590261754,0.8025298971,0.9378869938,0.1203679868
333,MASKED_R,linear_dt0.5,200,100,0.825031669,0.8345702605,1.00900488,-0.01809084815
333,MASKED_L,linear_dt0.5,200,100,0.7611360205,0.9205736086,0.9372153103,0.1216274621
333,UNMASKED_RL,zoh_previous,400,0.01,0.6960964076,0.7991190687,0.9117688431,0.1686775768
333,OCCUPANCY_MASKED_RL,zoh_previous,400,10000,0.7926190514,0.8224792972,0.9307853119,0.1336387032
333,UNMASKED_R,zoh_previous,200,1,0.839038646,0.828224812,0.982148875,0.03538358731
333,UNMASKED_L,zoh_previous,200,1e-06,0.6521332147,0.7921350403,0.9296477119,0.1357551318
333,MASKED_R,zoh_previous,200,100,0.8247440487,0.831262712,1.007933472,-0.01592988453
333,MASKED_L,zoh_previous,200,100,0.765287276,0.9264464747,0.9400345305,0.1163350814
333,ACTUAL_FRL,actual_or_historical,400,10000,0.792536642,0.819995926,0.9310197858,0.1332021585
333,ACTUAL_F408,actual_or_historical,408,10000,0.7925168993,0.8199995408,0.9309934976,0.1332511074
333,ACTUAL_FIELD,actual_or_historical,200,10000,0.8685892391,0.8437218891,1.028864823,-0.05856282303
333,ACTUAL_R_ONLY,actual_or_historical,200,100,0.8188015362,0.8337577235,1.010790695,-0.02169782907
333,ACTUAL_L_ONLY,actual_or_historical,200,100,0.7267319927,0.897264053,0.930817081,0.1335795616
