seed,family,integration_method,n_features,lambda,window_macro_ovr_auc,window_accuracy,sine_auc,square_auc,triangle_auc,block_pooled_macro_auc,confusion
101,UNMASKED_RL,linear_dt1,400,0.01,1,0.98,1,1,1,1,"[[15,0,0],[1,14,0],[0,0,20]]"
101,OCCUPANCY_MASKED_RL,linear_dt1,400,100,0.9047619048,0.88,0.7638095238,0.9771428571,0.9733333333,0.9841269841,"[[11,1,3],[1,14,0],[1,0,19]]"
101,UNMASKED_R,linear_dt1,200,1e-06,0.9936507937,0.96,1,0.980952381,1,1,"[[15,0,0],[2,13,0],[0,0,20]]"
101,UNMASKED_L,linear_dt1,200,0.0001,1,1,1,1,1,1,"[[15,0,0],[0,15,0],[0,0,20]]"
101,MASKED_R,linear_dt1,200,1,0.7138888889,0.48,0.6895238095,0.7238095238,0.7283333333,0.9047619048,"[[10,2,3],[6,4,5],[8,2,10]]"
101,MASKED_L,linear_dt1,200,100,0.8051587302,0.66,0.6476190476,0.8895238095,0.8783333333,0.9682539683,"[[7,3,5],[2,11,2],[5,0,15]]"
101,UNMASKED_RL,linear_dt0.5,400,0.01,1,0.98,1,1,1,1,"[[15,0,0],[1,14,0],[0,0,20]]"
101,OCCUPANCY_MASKED_RL,linear_dt0.5,400,100,0.9047619048,0.88,0.7638095238,0.9771428571,0.9733333333,0.9841269841,"[[11,1,3],[1,14,0],[1,0,19]]"
101,UNMASKED_R,linear_dt0.5,200,1e-06,0.9936507937,0.96,1,0.980952381,1,1,"[[15,0,0],[2,13,0],[0,0,20]]"
101,UNMASKED_L,linear_dt0.5,200,0.0001,1,1,1,1,1,1,"[[15,0,0],[0,15,0],[0,0,20]]"
101,MASKED_R,linear_dt0.5,200,1,0.7138888889,0.48,0.6895238095,0.7238095238,0.7283333333,0.9047619048,"[[10,2,3],[6,4,5],[8,2,10]]"
101,MASKED_L,linear_dt0.5,200,100,0.8051587302,0.66,0.6476190476,0.8895238095,0.8783333333,0.9682539683,"[[7,3,5],[2,11,2],[5,0,15]]"
101,UNMASKED_RL,zoh_previous,400,0.01,1,0.98,1,1,1,1,"[[15,0,0],[1,14,0],[0,0,20]]"
101,OCCUPANCY_MASKED_RL,zoh_previous,400,100,0.9073015873,0.88,0.7714285714,0.9771428571,0.9733333333,0.9841269841,"[[11,1,3],[1,14,0],[1,0,19]]"
101,UNMASKED_R,zoh_previous,200,1e-06,0.9936507937,0.94,1,0.980952381,1,1,"[[15,0,0],[2,12,1],[0,0,20]]"
101,UNMASKED_L,zoh_previous,200,0.0001,1,1,1,1,1,1,"[[15,0,0],[0,15,0],[0,0,20]]"
101,MASKED_R,zoh_previous,200,1,0.7265873016,0.52,0.7028571429,0.7352380952,0.7416666667,0.9365079365,"[[11,2,2],[6,5,4],[8,2,10]]"
101,MASKED_L,zoh_previous,200,100,0.8052380952,0.66,0.6457142857,0.8933333333,0.8766666667,0.9682539683,"[[7,3,5],[2,11,2],[5,0,15]]"
101,ACTUAL_DRIVEN_F408,actual_or_historical,408,100,0.7969047619,0.76,0.48,0.9657142857,0.945,0.8412698413,"[[6,1,8],[1,13,1],[1,0,19]]"
101,ACTUAL_DRIVEN_FRL,actual_or_historical,400,100,0.8145238095,0.76,0.5238095238,0.9714285714,0.9483333333,0.8412698413,"[[6,1,8],[1,13,1],[1,0,19]]"
101,ACTUAL_FIELD,actual_or_historical,200,1e-06,0.8603174603,0.86,0.6076190476,0.9733333333,1,0.8571428571,"[[8,7,0],[0,15,0],[0,0,20]]"
101,ACTUAL_BROWNIAN,actual_or_historical,200,0.01,0.5743650794,0.32,0.3447619048,0.92,0.4583333333,0.5833333333,"[[0,0,15],[1,6,8],[10,0,10]]"
101,ACTUAL_SILENT,actual_or_historical,408,1000000,0.5,0.3,0.5,0.5,0.5,0.5,"[[15,0,0],[15,0,0],[20,0,0]]"
202,UNMASKED_RL,linear_dt1,400,0.01,1,0.98,1,1,1,1,"[[15,0,0],[1,14,0],[0,0,20]]"
202,OCCUPANCY_MASKED_RL,linear_dt1,400,1,0.8421428571,0.74,0.6685714286,0.8895238095,0.9683333333,0.9365079365,"[[10,4,1],[3,12,0],[5,0,15]]"
202,UNMASKED_R,linear_dt1,200,1e-06,0.9936507937,0.96,1,0.980952381,1,1,"[[15,0,0],[2,13,0],[0,0,20]]"
202,UNMASKED_L,linear_dt1,200,0.0001,1,1,1,1,1,1,"[[15,0,0],[0,15,0],[0,0,20]]"
202,MASKED_R,linear_dt1,200,100,0.6750793651,0.46,0.6114285714,0.6971428571,0.7166666667,0.8888888889,"[[2,7,6],[0,9,6],[5,3,12]]"
202,MASKED_L,linear_dt1,200,10000,0.7833333333,0.66,0.5847619048,0.8819047619,0.8833333333,0.8571428571,"[[4,5,6],[3,10,2],[1,0,19]]"
202,UNMASKED_RL,linear_dt0.5,400,0.01,1,0.98,1,1,1,1,"[[15,0,0],[1,14,0],[0,0,20]]"
202,OCCUPANCY_MASKED_RL,linear_dt0.5,400,1,0.8421428571,0.74,0.6685714286,0.8895238095,0.9683333333,0.9365079365,"[[10,4,1],[3,12,0],[5,0,15]]"
202,UNMASKED_R,linear_dt0.5,200,1e-06,0.9936507937,0.96,1,0.980952381,1,1,"[[15,0,0],[2,13,0],[0,0,20]]"
202,UNMASKED_L,linear_dt0.5,200,0.0001,1,1,1,1,1,1,"[[15,0,0],[0,15,0],[0,0,20]]"
202,MASKED_R,linear_dt0.5,200,100,0.6750793651,0.46,0.6114285714,0.6971428571,0.7166666667,0.8888888889,"[[2,7,6],[0,9,6],[5,3,12]]"
202,MASKED_L,linear_dt0.5,200,10000,0.7833333333,0.66,0.5847619048,0.8819047619,0.8833333333,0.8571428571,"[[4,5,6],[3,10,2],[1,0,19]]"
202,UNMASKED_RL,zoh_previous,400,0.01,1,0.98,1,1,1,1,"[[15,0,0],[1,14,0],[0,0,20]]"
202,OCCUPANCY_MASKED_RL,zoh_previous,400,100,0.9134126984,0.86,0.7752380952,0.9733333333,0.9916666667,1,"[[9,2,4],[1,14,0],[0,0,20]]"
202,UNMASKED_R,zoh_previous,200,1e-06,0.9936507937,0.94,1,0.980952381,1,1,"[[15,0,0],[2,12,1],[0,0,20]]"
202,UNMASKED_L,zoh_previous,200,0.0001,1,1,1,1,1,1,"[[15,0,0],[0,15,0],[0,0,20]]"
202,MASKED_R,zoh_previous,200,100,0.6723809524,0.48,0.6,0.6971428571,0.72,0.8888888889,"[[3,6,6],[0,9,6],[5,3,12]]"
202,MASKED_L,zoh_previous,200,1000000,0.7765873016,0.3,0.5714285714,0.88,0.8783333333,0.8571428571,"[[15,0,0],[15,0,0],[20,0,0]]"
202,ACTUAL_DRIVEN_F408,actual_or_historical,408,100,0.8287301587,0.76,0.5752380952,0.9542857143,0.9566666667,0.9047619048,"[[5,5,5],[0,13,2],[0,0,20]]"
202,ACTUAL_DRIVEN_FRL,actual_or_historical,400,100,0.826031746,0.7,0.5542857143,0.9638095238,0.96,0.8571428571,"[[3,5,7],[0,13,2],[1,0,19]]"
202,ACTUAL_FIELD,actual_or_historical,200,1e-06,0.8603174603,0.86,0.6076190476,0.9733333333,1,0.8571428571,"[[8,7,0],[0,15,0],[0,0,20]]"
202,ACTUAL_BROWNIAN,actual_or_historical,200,1000000,0.653968254,0.3,0.6647619048,0.7238095238,0.5733333333,0.6706349206,"[[15,0,0],[15,0,0],[20,0,0]]"
202,ACTUAL_SILENT,actual_or_historical,408,1000000,0.5,0.3,0.5,0.5,0.5,0.5,"[[15,0,0],[15,0,0],[20,0,0]]"
303,UNMASKED_RL,linear_dt1,400,0.01,1,0.98,1,1,1,1,"[[15,0,0],[1,14,0],[0,0,20]]"
303,OCCUPANCY_MASKED_RL,linear_dt1,400,100,0.9303968254,0.84,0.8361904762,0.9733333333,0.9816666667,1,"[[11,0,4],[3,12,0],[1,0,19]]"
303,UNMASKED_R,linear_dt1,200,1e-06,0.9936507937,0.96,1,0.980952381,1,1,"[[15,0,0],[2,13,0],[0,0,20]]"
303,UNMASKED_L,linear_dt1,200,0.0001,1,1,1,1,1,1,"[[15,0,0],[0,15,0],[0,0,20]]"
303,MASKED_R,linear_dt1,200,1,0.6544444444,0.52,0.6076190476,0.659047619,0.6966666667,0.8888888889,"[[9,1,5],[5,5,5],[7,1,12]]"
303,MASKED_L,linear_dt1,200,100,0.8352380952,0.74,0.6857142857,0.8933333333,0.9266666667,1,"[[8,2,5],[3,10,2],[1,0,19]]"
303,UNMASKED_RL,linear_dt0.5,400,0.01,1,0.98,1,1,1,1,"[[15,0,0],[1,14,0],[0,0,20]]"
303,OCCUPANCY_MASKED_RL,linear_dt0.5,400,100,0.9303968254,0.84,0.8361904762,0.9733333333,0.9816666667,1,"[[11,0,4],[3,12,0],[1,0,19]]"
303,UNMASKED_R,linear_dt0.5,200,1e-06,0.9936507937,0.96,1,0.980952381,1,1,"[[15,0,0],[2,13,0],[0,0,20]]"
303,UNMASKED_L,linear_dt0.5,200,0.0001,1,1,1,1,1,1,"[[15,0,0],[0,15,0],[0,0,20]]"
303,MASKED_R,linear_dt0.5,200,1,0.6544444444,0.52,0.6076190476,0.659047619,0.6966666667,0.8888888889,"[[9,1,5],[5,5,5],[7,1,12]]"
303,MASKED_L,linear_dt0.5,200,100,0.8352380952,0.74,0.6857142857,0.8933333333,0.9266666667,1,"[[8,2,5],[3,10,2],[1,0,19]]"
303,UNMASKED_RL,zoh_previous,400,0.01,1,0.98,1,1,1,1,"[[15,0,0],[1,14,0],[0,0,20]]"
303,OCCUPANCY_MASKED_RL,zoh_previous,400,100,0.931031746,0.86,0.8361904762,0.9752380952,0.9816666667,1,"[[11,0,4],[3,12,0],[0,0,20]]"
303,UNMASKED_R,zoh_previous,200,1e-06,0.9936507937,0.94,1,0.980952381,1,1,"[[15,0,0],[2,12,1],[0,0,20]]"
303,UNMASKED_L,zoh_previous,200,0.0001,1,1,1,1,1,1,"[[15,0,0],[0,15,0],[0,0,20]]"
303,MASKED_R,zoh_previous,200,1,0.6603174603,0.54,0.619047619,0.6685714286,0.6933333333,0.9047619048,"[[9,1,5],[5,6,4],[6,2,12]]"
303,MASKED_L,zoh_previous,200,100,0.8324603175,0.74,0.6857142857,0.8933333333,0.9183333333,1,"[[8,2,5],[3,10,2],[1,0,19]]"
303,ACTUAL_DRIVEN_F408,actual_or_historical,408,1,0.8411111111,0.68,0.6666666667,0.9466666667,0.91,0.9523809524,"[[9,1,5],[5,8,2],[2,1,17]]"
303,ACTUAL_DRIVEN_FRL,actual_or_historical,400,100,0.8697619048,0.78,0.6647619048,0.9828571429,0.9616666667,0.9365079365,"[[6,1,8],[0,14,1],[1,0,19]]"
303,ACTUAL_FIELD,actual_or_historical,200,1e-06,0.8603174603,0.86,0.6076190476,0.9733333333,1,0.8571428571,"[[8,7,0],[0,15,0],[0,0,20]]"
303,ACTUAL_BROWNIAN,actual_or_historical,200,1,0.5317460317,0.32,0.6095238095,0.539047619,0.4466666667,0.5238095238,"[[10,5,0],[9,6,0],[9,11,0]]"
303,ACTUAL_SILENT,actual_or_historical,408,1000000,0.5,0.3,0.5,0.5,0.5,0.5,"[[15,0,0],[15,0,0],[20,0,0]]"
