n;u;x;y_next
0;0.397273785838;9.029195320500;0.007129371259
1;0.381292920468;7.942634216722;4.327337063320
2;0.259256839681;-0.354767430264;12.574956995936
3;0.381117826665;7.930729347290;1.145440552271
4;0.399133515795;9.155640928311;-6.793666831939
5;0.029032088737;-16.008066154133;8.269927793280
6;0.353906061808;6.080563879142;4.225138332293
7;0.394699918447;8.854194522423;7.259214866719
8;0.335718003352;4.843932669579;9.101223342470
9;0.461769837284;13.414370918043;-2.676585465772
10;0.278995880644;0.987317221584;-1.044955037425
11;0.255016761492;-0.643056201227;15.008777618539
12;0.423775535559;10.831085879131;1.013767096402
13;0.318317783023;3.660867662250;2.638600194750
14;0.287564697347;1.569922901529;-17.077924812717
15;0.069168786596;-13.279116643711;2.164617869130
16;0.205074954894;-4.038668594297;-1.990582633171
17;0.248326635533;-1.097927103312;13.113931513845
18;0.377803059149;7.705353726637;-21.914394769340
19;0.064356065867;-13.606340171763;2.378552773832
20;0.313376029669;3.324871027868;12.664328863389
21;0.375852566105;7.572737011255;21.199131611699
22;0.449432744949;12.575554974478;-2.357161152792
23;0.212671254766;-3.522185676605;-12.803122334736
24;0.150594640244;-7.742860416819;-17.165782538239
25;0.024112754296;-16.342538495652;1.273553551485
26;0.293123906204;1.947901188213;-2.694976411332
27;0.242443671458;-1.497917954268;13.953598020443
28;0.463135180546;13.507202491779;0.040282093495
29;0.289275181441;1.686221077057;-5.679454723734
30;0.212771674282;-3.515358015038;-19.450103486895
31;0.081904849260;-12.413174156514;-1.371116346751
32;0.323906774137;4.040870885692;4.112516024479
33;0.291003634848;1.803741010921;16.185685252827
34;0.423142294104;10.788030918183;-1.150267880875
35;0.359204291243;6.440797814485;2.903930923956
36;0.284234912572;1.343526236763;5.887148228917
37;0.312047629003;3.234551232224;-7.125939340973
38;0.080857456296;-12.484387850418;1.671481941851
39;0.260988806802;-0.237008594115;-5.030411459495
40;0.221003534911;-2.955662443873;17.781914489661
41;0.417166657090;10.381739106122;0.370002309624
42;0.201659528101;-4.270888178132;3.423877631079
43;0.293747266733;1.990284331306;9.000385630795
44;0.336590212430;4.903235369183;-2.554570702430
45;0.122849158003;-9.629314066891;2.044668948640
46;0.272839905323;0.568763959030;-3.692626746317
47;0.234138212490;-2.062617578190;13.369627906939
48;0.470099841974;13.980739439467;-1.564349233217
49;0.285011944893;1.396357737246;4.577265505430
50;0.305885054275;2.815549266822;13.126317963234
51;0.370378287053;7.200533219275;-0.436250805021
52;0.173255669608;-6.202105738752;1.771656915048
53;0.277666072743;0.896901746136;-11.354176480538
54;0.167185408695;-6.614831160354;19.305093330213
55;0.424267628535;10.864543960064;-2.190763049998
56;0.208085454664;-3.833980557885;-11.880062479585
57;0.158735029533;-7.189384108354;-14.611879899764
58;0.028831129922;-16.021729621432;0.383259282569
59;0.284994101749;1.395144557248;-6.708645907706
60;0.204774995813;-4.059063226392;-18.307922429767
61;0.108675568164;-10.592996011743;0.345220339989
62;0.319745398025;3.757933177524;-1.337661468016
63;0.253627467042;-0.737516249348;15.286341139601
64;0.415329985604;10.256861275578;-0.526160782531
65;0.337019930478;4.932452492686;-3.722072921859
66;0.237796488079;-1.813886369323;-15.209096251139
67;0.127227383495;-9.331632469979;-22.143688569537
68;0.066492063254;-13.461110759915;2.991833287344
69;0.318339888883;3.662370670148;15.846582211490
70;0.418180261830;10.450655491994;-0.966995941051
71;0.362836557137;6.687760588273;3.099356544134
72;0.283686438998;1.306234761106;8.922274139310
73;0.338224255156;5.014336190504;-8.596588113216
74;0.058163738101;-14.027365087270;-3.218559202462
75;0.285670508926;1.441134415207;-4.286814023458
76;0.226979131274;-2.549373395669;19.189270091772
77;0.462172918723;13.441776981689;1.972555334221
78;0.159112616686;-7.163711436381;1.094421903594
79;0.277507797771;0.886140412219;-13.329912282739
80;0.141793453058;-8.341265286738;-1.339810919686
81;0.119126624616;-9.882414252140;-3.115607894415
82;0.258182872201;-0.427787962214;-7.349712263966
83;0.202529543723;-4.211734614619;17.673904188474
84;0.491593920773;15.442151537257;1.497326667796
85;0.238530969498;-1.763947963414;-4.510647528001
86;0.223338849447;-2.796881183806;-17.751357521683
87;0.104260366251;-10.893191686510;-0.846592618068
88;0.382951727343;8.055418786743;1.203505191363
89;0.270592066710;0.415930307793;-10.254697687960
90;0.172992747505;-6.219982175579;-12.411648953254
91;0.038556876484;-15.360462682851;-1.198957598160
92;0.276915562024;0.845873485994;5.632700744496
93;0.316725015100;3.552573171736;18.134666398355
94;0.474336038395;14.268764283684;-6.776762553560
95;0.042518425039;-15.091111526232;4.867953895555
96;0.317632649765;3.614284505963;17.421324969732
97;0.469358801047;13.930355043568;0.203127464394
98;0.426957540758;11.047434806461;-4.199388298564
99;0.221191734806;-2.942866473119;-14.051265447911
100;0.149143750183;-7.841508435541;0.035325742071
101;0.358717945245;6.407730478533;-3.125756005864
102;0.243295435571;-1.440005336047;-9.152816789983
103;0.189111220562;-5.124064935152;6.882450666732
104;0.459808435769;13.281012520607;3.914103378300
105;0.228019513065;-2.478636401132;7.533438454934
106;0.332069246858;4.595848677191;19.567601428141
107;0.435582764559;11.633875682881;-0.543342388333
108;0.215511513260;-3.329072579615;0.824164319567
109;0.270936919325;0.439377313278;-13.840521735496
110;0.123765382725;-9.567018682854;-1.174809900756
111;0.197762511355;-4.535851727917;-4.039579091577
112;0.228647184667;-2.435960142193;19.082606815028
113;0.449534030231;12.582441500631;1.765167120010
114;0.164173749675;-6.819598015775;-0.401962050877
115;0.264149074040;-0.022137660681;8.268668650872
116;0.346951062145;5.607683848167;4.269042557341
117;0.403287711449;9.438090427138;4.661814502943
118;0.311669895204;3.208868589651;17.541518122846
119;0.418089767024;10.444502625192;1.039000063054
120;0.182511093296;-5.572816701791;-4.397618922512
121;0.255034758385;-0.641832567660;-14.504078381994
122;0.124379363908;-9.525273254417;0.336203457071
123;0.179015110842;-5.810513376277;3.658492382711
124;0.286355075889;1.487679068297;14.181914302909
125;0.391237447920;8.618776370126;21.590552338270
126;0.495199032662;15.687268072695;-2.425729884670
127;0.221612035209;-2.914289668336;-11.620018725284
128;0.165570811208;-6.724609872987;19.487614315748
129;0.500000000000;16.013692471459;-1.166243391122
130;0.233289322540;-2.120334778082;1.763183926894
131;0.278869335837;0.978713265417;-15.040192557335
132;0.077702836607;-12.698874799183;-1.066528512521
133;0.227384417703;-2.521817411773;0.035890278737
134;0.264487361944;0.000863001044;-7.187229765346
135;0.223260310705;-2.802221141309;-10.721997527199
136;0.105417596034;-10.814510035652;-7.234852068749
137;0.174661353837;-6.106531326939;-6.385723626911
138;0.123888005026;-9.558681423289;-9.702818676772
139;0.161440805118;-7.005414690051;-3.287828630396
140;0.157849937838;-7.249562714844;-10.035115144793
141;0.167872579948;-6.568109437964;-2.338711638833
142;0.132933393917;-8.943672942185;0.729648766637
143;0.265627140666;0.078358130232;-8.953644837673
144;0.179851294816;-5.753660073231;-4.068841246437
145;0.107896150365;-10.645989704143;1.214203595328
146;0.265880630800;0.095593274435;-7.921684820810
147;0.193916964544;-4.797315765760;-20.163053937142
148;0.048065668279;-14.713946798451;-0.562577239474
149;0.296689143988;2.190306628186;-4.773292320426
150;0.221925325064;-2.892988658523;-16.439706976057
151;0.068523180089;-13.323012321611;1.420795655311
152;0.225447827806;-2.653488832975;-4.273717165557
153;0.227948801340;-2.483444188944;-17.508675073546
154;0.086638360540;-12.091336188251;0.464733639664
155;0.124957919231;-9.485936479092;1.195237310184
156;0.279898969087;1.048719451893;-12.283497939847
157;0.155385478039;-7.417124739631;-14.745295374181
158;0.027765762219;-16.094165442670;0.626919848468
159;0.286547874886;1.500787738302;-6.462570053302
160;0.208443130188;-3.809661705064;9.633229607596
161;0.338062511116;5.003338989877;-2.231670175898
162;0.170516405964;-6.388352056418;-7.557286009509
163;0.194874021140;-4.732244166215;-17.728885521472
164;0.039518552078;-15.295077031247;-1.923844933277
165;0.295527427915;2.111319948267;3.384621290186
166;0.294224314551;2.022719471210;-7.844252800812
167;0.202879195774;-4.187961288879;2.668222078359
168;0.394671107208;8.852235606512;0.753511053051
169;0.275802135912;0.770170107173;-11.433840635843
170;0.159389333735;-7.144897062110;-2.365153290453
171;0.113614295854;-10.257205096423;-16.145487543919
172;0.000000000000;-17.981997956481;7.302471128300
173;0.347775281594;5.663723666607;5.631857124261
174;0.409892721449;9.887174177608;7.000621695961
175;0.335635079468;4.838294560248;8.038355477113
176;0.450851685635;12.672030711054;-0.865847877146
177;0.271909839744;0.505527515982;6.340107332574
178;0.324900447882;4.108432135702;11.278218825295
179;0.466328118449;13.724294748759;-1.514470467357
180;0.278173703481;0.931416260967;4.990240573474
181;0.309328005700;3.049640288488;11.048942286930
182;0.351180477472;5.895247636495;-1.296777349953
183;0.170337880360;-6.400490258738;-1.830615241687
184;0.246050302993;-1.252698095994;15.808996343712
185;0.411022751490;9.964006480539;8.536453187959
186;0.485947242080;15.058226055612;-1.746643558954
187;0.238611189076;-1.758493723542;4.684940822865
188;0.302285055308;2.570780365999;-9.117529521397
189;0.072577782012;-13.047334338049;0.890347003854
190;0.255087934437;-0.638217054468;-6.028073883330
191;0.206994565962;-3.908151587089;-12.187699830885
192;0.061238313464;-13.818320462806;1.304796104256
193;0.248412449269;-1.092092508902;-5.235379883640
194;0.216144604952;-3.286027801271;-19.037410889119
195;0.068232807284;-13.342755169552;-0.951251404918
196;0.400833492359;9.271224682287;-2.343742301109
197;0.239095284283;-1.725579421975;10.929120960481
198;0.354129690414;6.095768696850;-2.978307632533
199;0.103348881836;-10.955164770518;-4.577304192959
