Parameter,ImplementedValue,Unit,CodeLocation,Role,ProvenanceClass,Source,VerifiedRangeLow,VerifiedRangeHigh,RangeStatus,MayOptimizeForTask,Notes
domain_Lx,1000,um,"BSimHybridDish.java:39 BOUND_X",geometry,ENGINEERING_DESIGN,HybridDish claim dish inherited from Stage 3B/Narma10b,,,PHYSICALLY_CONSTRAINED,no,Fixed claim geometry. Changing Lx changes transit times and is a new architecture.
domain_Ly,500,um,"BSimHybridDish.java:39 BOUND_Y",geometry,ENGINEERING_DESIGN,HybridDish claim dish,,,PHYSICALLY_CONSTRAINED,no,Fixed claim geometry.
domain_Lz,10,um,"BSimHybridDish.java:39 BOUND_Z",geometry,ENGINEERING_DESIGN,HybridDish claim dish; one z-box field,,,PHYSICALLY_CONSTRAINED,no,Field is effectively 2D because grid.z=1.
dt,0.05,s,"BSimHybridDish.java:40; sim_config.properties dt",integrator,ENGINEERING_DESIGN,Frozen HybridDish config,,,NO_DEFENSIBLE_RANGE,no,Numerical step. Not a biological clock.
grid_x,50,boxes,"BSimHybridDish.java:41; sim_config.properties grid.x",discretization,ENGINEERING_DESIGN,Frozen HybridDish config; dx=20 um,,,NO_DEFENSIBLE_RANGE,no,Chemical voxel size is derived: 1000/50=20 um.
grid_y,25,boxes,"BSimHybridDish.java:41; sim_config.properties grid.y",discretization,ENGINEERING_DESIGN,Frozen HybridDish config; dy=20 um,,,NO_DEFENSIBLE_RANGE,no,Chemical voxel size is derived: 500/25=20 um.
grid_z,1,boxes,"BSimHybridDish.java:41; sim_config.properties grid.z",discretization,ENGINEERING_DESIGN,Frozen HybridDish config; dz=10 um,,,NO_DEFENSIBLE_RANGE,no,Single z box. Reduced model is 2D.
readout_grid,20x10x1,boxes,"BSimHybridDish.java:42; sim_config.properties readout.grid.*",observation,ENGINEERING_DESIGN,VoxelAnalyzer 20x10 readout,,,NO_DEFENSIBLE_RANGE,no,Observation map not a physical parameter.
count_grid,4x2x1,boxes,"BSimHybridDish.java:43; sim_config.properties readout.countgrid.*",observation,ENGINEERING_DESIGN,Coarse occupancy/count grid,,,NO_DEFENSIBLE_RANGE,no,Occupancy binning only.
voxel_volume,4000,um3,derived from domain/grid,unit conversion,DERIVED,dx*dy*Lz=20*20*10,,,PHYSICALLY_CONSTRAINED,no,Used for source-to-concentration conversion.
molecules_per_um3_per_uM,602.2,molecules/um3/uM,"BSimHybridDish.java:79 MOLECULES_PER_UM3_PER_UM",unit conversion,DERIVED,"Avogadro scaling used throughout HybridDish; 1 uM = 602.2 molecules/um3",,,PHYSICALLY_CONSTRAINED,no,Do not retune. Acid mM uses 602.2*1000.
AHL_D,159,um2/s,"BSimHybridDish.java:44; sim_config.properties field.ahl.diff",AHL transport,LITERATURE_CANDIDATE_UNVERIFIED,"BSimEntrainment_PIDCtrl.java comment: manuscript on proposed model. ECOLI_MECHANISM_AUDIT.md: no verified um2/s for 3-oxo-C6-HSL",,,NO_DEFENSIBLE_RANGE,no,Not a HybridDish wet-lab measurement. Hypothetical screen arms 80 and 240 are design envelopes only.
AHL_decay,0.0033,1/s,"BSimHybridDish.java:46; sim_config.properties field.ahl.decay",AHL transport,ENGINEERING_DESIGN,"Chosen so 1/k ~303 s matches the 300 s window. In-code literature candidate for extracellular AHL is 2.76e-3 min^-1 (half-life ~12.6 h) in BSimEntrainment_PIDCtrl; that is not this value",,,NO_DEFENSIBLE_RANGE,no,Stage 8 ~4.2 h decay is not HybridDish. Do not present 0.0033 as measured extracellular AHL hydrolysis.
AHL_source_position,"(500,250,5)",um,"BSimHybridDish.java:97-99 AC_POSITIONS[1]",source layout,ENGINEERING_DESIGN,Claim one-AHL source at dish center,,,HYPOTHETICAL_DESIGN_ENVELOPE,yes,Single-source position is an architecture choice. Not a multi-AC layout.
AHL_source_rate,1.28e8,molecules/s,"BSimHybridDish.java:59; sim_config.properties field.ahl.source.rate",source strength,ENGINEERING_DESIGN,Occupancy operating point; rate scout NO_STORY_MOVE in SWEEP_DECISIONS.md,,,NO_DEFENSIBLE_RANGE,no,Command 1 injects this rate for 75 s. Not a converted wet-lab flux.
AHL_command_map,J=rate*u,molecules/s,"BSimHybridDish.java:388-392",source command,ENGINEERING_DESIGN,Piecewise-constant window command,,,NO_DEFENSIBLE_RANGE,no,u in [0,1]; warmup uses 0.5.
pulse_duration,75,s,"BSimHybridDish.java:47; sim_config.properties pulse.duration.s",timing,ENGINEERING_DESIGN,Frozen 75/300 s protocol,,,NO_DEFENSIBLE_RANGE,no,Changing pulse width changes payload and task-to-kinetics ratio.
window_duration,300,s,"BSimHybridDish.java:47; sim_config.properties window.duration.s",timing,ENGINEERING_DESIGN,Frozen protocol,,,NO_DEFENSIBLE_RANGE,no,Changing duration is a separately named protocol.
warmup,18000,s,"BSimHybridDish.java:47; sim_config.properties warmup.s",timing,ENGINEERING_DESIGN,60 windows at u=0.5,,,NO_DEFENSIBLE_RANGE,no,Intended to reach occupancy plateau before scoring.
warmup_ahl_input,0.5,command,"BSimHybridDish.java:49; sim_config.properties warmup.ahl.input",timing,ENGINEERING_DESIGN,Frozen config,,,NO_DEFENSIBLE_RANGE,no,Silent arm zeros this rate.
num_windows,200,windows,"BSimHybridDish.java:50; sim_config.properties num.windows",timing,ENGINEERING_DESIGN,Claim NARMA length,,,NO_DEFENSIBLE_RANGE,yes,More windows change sample size without changing the biological clock.
sampling_interval,20,s,"BSimHybridDish.java:48; sim_config.properties sampling.interval.s",observation,ENGINEERING_DESIGN,16 in-window samples plus last row near 299.95 s,,,NO_DEFENSIBLE_RANGE,no,Must match VoxelAnalyzer for validation.
run_length,78000,s,derived WARMUP+NUM_WINDOWS*WINDOW_DURATION,timing,DERIVED,18000+200*300,,,PHYSICALLY_CONSTRAINED,no,Implemented simulationTime.
chemical_boundary,NO_FLUX,none,"BSimHybridDish.java:319 sim.setSolid(true,true,true); BSimChemicalField.java solid-neighbour skip",AHL/acid/att/rep BC,ENGINEERING_DESIGN,BSim solid walls: no neighbour exchange and leakyRate unused unless leaky[] is set,,,NO_DEFENSIBLE_RANGE,no,Active HybridDish has no chemical advection. Bacterial x-removal and y-reflection are not chemical loss.
bacterial_y_boundary,mirror reflection,none,"BSimHybridDish.java:189-192",particle BC,MODEL_CONVENIENCE,Override updatePosition y-mirror then clamp,,,NO_DEFENSIBLE_RANGE,no,Particle rule only.
bacterial_x_boundary,OOB death if x outside [0,Lx],none,"BSimHybridDish.java:416-419",particle BC,MODEL_CONVENIENCE,DeathCause.OOB after position update,,,NO_DEFENSIBLE_RANGE,no,Not a chemical sink.
FLOW_SPEED,0.0,um/s,"BSimHybridDish.java:65 and :165 Stokes force",motility force,ENGINEERING_DESIGN,Hard-coded zero; 8 um/s is a known occupancy-dead living-BSim anchor from SWEEP_DECISIONS.md,0,8,HYPOTHETICAL_DESIGN_ENVELOPE,yes,Stokes force only. No chemical v·∇C in active HybridDish. Surrogate OUTFLOW flow is a screening extension.
receiver_K,1.6,uM,"BSimHybridDish.java:72 RECEIVER_K_UM",receiver,TASK_TUNED_HISTORICAL,"RESEARCH_REPORT.md: trace-matched to the live plume; not a LuxR EC50",,,NO_DEFENSIBLE_RANGE,no,Compile-time constant. Occupancy is not to be recovered by retuning K to NARMA NRMSE.
receiver_n,2,none,"BSimHybridDish.java:73 RECEIVER_HILL_N",receiver,ENGINEERING_DESIGN,Frozen Stage 3B Hill coefficient; QS Hill n=2 appears in unverified in-code comments,,,NO_DEFENSIBLE_RANGE,no,Not configurable.
receiver_tau_R,15,s,"BSimHybridDish.java:74 RECEIVER_TAU_S",receiver,ENGINEERING_DESIGN,Frozen Stage 3B; analytic t95=44.936 s at :75,,,NO_DEFENSIBLE_RANGE,no,Discrete update R=H+(R-H)*exp(-dt/15). Surrogate uses the equivalent ODE.
reporter_tau_L,1500,s,"BSimHybridDish.java:76-78 DELTA_LUX and ALPHA_LUX; sim_config luminescence.alpha=1/1500",reporter,ENGINEERING_DESIGN,Chosen so L is not a copy of R; alpha=delta=1/1500,,,NO_DEFENSIBLE_RANGE,no,Engineering memory. Not a measured lux degradation time for this dish.
initial_population,1800,cells,"BSimHybridDish.java:50; sim_config.properties initial.pop",population,ENGINEERING_DESIGN,Near carrying capacity at start,,,NO_DEFENSIBLE_RANGE,no,Nuisance. Requires population-equilibrium validation before task use.
carrying_capacity,2000,cells,"BSimHybridDish.java:50; sim_config.properties carrying.capacity",population,MODEL_CONVENIENCE,Clamp target,,,NO_DEFENSIBLE_RANGE,no,Not freely task-optimizable. Creates artificial turnover/memory if tuned to score.
growth_rate,4*pi/1800,1/s,"BSimHybridDish.java:67 GROWTH_RATE",population,DERIVED,Intended 30 min generation: T_gen=4*pi/GROWTH_RATE=1800 s,,,NO_DEFENSIBLE_RANGE,no,Form is the BSim surface-area growth convention. 30 min is a typical E. coli scale not a HybridDish measurement.
T_removal,1800,s,"BSimHybridDish.java:69 T_REMOVAL=EXPECTED_T_GEN",population clamp,MODEL_CONVENIENCE,LacOperon-style pRemoval=(dt/T_rem)*2^(-(1-N/K)),,,NO_DEFENSIBLE_RANGE,no,Homeostatic clamp. Not a physical loss or exchange mechanism.
acid_source_position,"(300,375,5)",um,"BSimHybridDish.java:102",acid channel,ENGINEERING_DESIGN,Dedicated death-input source; not AC0/AC1/AC2,,,HYPOTHETICAL_DESIGN_ENVELOPE,no,Not optimized in this transport surrogate.
acid_source_rate,2e11,molecules/s,"BSimHybridDish.java:60; sim_config.properties field.acid.source.rate",acid channel,ENGINEERING_DESIGN,Stage 4 calibration lowered from 6.4e11 after population collapse,,,NO_DEFENSIBLE_RANGE,no,Not a literature flux.
acid_cell_production,1e6,molecules/s/cell,"BSimHybridDish.java:61; sim_config.properties field.acid.cell.production.rate",acid channel,MODEL_CONVENIENCE,Magnitude placeholder so the field is population-coupled; not a converted mmol/gDW/h rate,,,NO_DEFENSIBLE_RANGE,no,Stage 4 MANIFEST.
acid_D,200,um2/s,"BSimHybridDish.java:45; sim_config.properties field.acid.diff",acid transport,ENGINEERING_DESIGN,Option B buffered effective D midpoint of 100-500 um2/s in pH_unified_mechanism.md; not bulk proton D,,,HYPOTHETICAL_DESIGN_ENVELOPE,no,Not screened here.
acid_decay,0.0067,1/s,"BSimHybridDish.java:46; sim_config.properties field.acid.decay",acid transport,ENGINEERING_DESIGN,Prevents acid ratchet across windows,,,NO_DEFENSIBLE_RANGE,no,Not screened here.
K_MAX_ACID,0.002,1/s,"BSimHybridDish.java:62; sim_config.properties field.acid.kmax",acid mortality,TASK_TUNED_HISTORICAL,Calibrated in Stage 4 living runs; not a literature kill rate,,,NO_DEFENSIBLE_RANGE,no,Not freely task-optimizable. Surrogate does not simulate mortality.
K_MAX_ALK,0.003,1/s,"BSimHybridDish.java:63 default; config field.acid.kmax.alk unused because field only adds acid",acid mortality,MODEL_CONVENIENCE,Alkaline arm present but unused,,,NO_DEFENSIBLE_RANGE,no,Inactive in the implemented acid-only field.
PH_BASE,7.1,pH,"BSimHybridDish.java:86",pH map,LITERATURE_CANDIDATE_UNVERIFIED,Stage 4 MANIFEST: Ingraham & Marr 1996 midpoint of pH 6.8-7.4,,,NO_DEFENSIBLE_RANGE,no,Not re-verified against the paper in this package.
BUFFER_CAPACITY,2.0,mM/pH,"BSimHybridDish.java:87",pH map,ENGINEERING_DESIGN,Assumed weakly buffered medium; not Small/Castanie-Cornet,,,NO_DEFENSIBLE_RANGE,no,Assumed. Needs medium measurement.
PH_GROWTH_LIMIT,4.5,pH,"BSimHybridDish.java:88",acid Hill onset,LITERATURE_CANDIDATE_UNVERIFIED,Small et al. 1994 growth-limit citation in Stage 4 MANIFEST,,,NO_DEFENSIBLE_RANGE,no,Limits cited; K_MAX is not literature.
PH_ACID_EC50,3.75,pH,"BSimHybridDish.java:89",acid Hill half-max,DERIVED,Midpoint of 2.5 and 4.5,,,NO_DEFENSIBLE_RANGE,no,Engineering midpoint of cited limits.
PH_ACID_MIN,2.5,pH,"BSimHybridDish.java:90",acid collapse,LITERATURE_CANDIDATE_UNVERIFIED,Castanie-Cornet et al. 1999 citation in Stage 4 MANIFEST,,,NO_DEFENSIBLE_RANGE,no,Limits cited; not a HybridDish survival curve.
attractant_AC_injection,0,molecules/s,"BSimHybridDish.java:383-390 input0=input2=0",architecture placeholder,MODEL_CONVENIENCE,AC0/AC2 positions exist; injection always zero,,,NO_DEFENSIBLE_RANGE,no,Silent attractant architecture. Not an AC transfer model.
silent_arm_source_zeroing,AHL and acid rates set to 0,none,"BSimHybridDish.java:797-801",control,ENGINEERING_DESIGN,Silent arm control,,,PHYSICALLY_CONSTRAINED,no,Required control; not a free parameter.
screen_Robin_h,0.159,um/s,PROTOCOL.md ROBIN_LEAKY h=D_ref/Lx,hypothetical BC,ENGINEERING_DESIGN,Derived sensitivity; not calibration,0.159,0.159,HYPOTHETICAL_DESIGN_ENVELOPE,no,Used only in labelled boundary-sensitivity arms.
screen_D_envelope,80 or 240,um2/s,PROTOCOL.md hypothetical arms,hypothetical transport,ENGINEERING_DESIGN,No verified HybridDish D range existed before freeze,80,240,HYPOTHETICAL_DESIGN_ENVELOPE,no,Design envelope. Not biological uncertainty.
screen_k_envelope,0.00165 or 0.0066,1/s,PROTOCOL.md hypothetical arms,hypothetical transport,ENGINEERING_DESIGN,Half/double implemented decay,0.00165,0.0066,HYPOTHETICAL_DESIGN_ENVELOPE,no,Design envelope. Not biological uncertainty.
